a fortiori	a foɾˈt̪joɾi
a posteriori	a post̪eˈɾjoɾi
a priori	a ˈpɾjoɾi
abbey national	abˈbejnat̪joˈnal
abbott laboratories	abˈbot̪laboɾaˈt̪oɾjes
abdullah ii	abˈd̪uʝad̪os
abn amro holding	ab ˈnamɾo ˈold̪in
abu dhabi	ˈabuˈd̪abi
abu nidal	ˈabuniˈd̪al
abu sayyaf	ˈabusaʝˈʝaf
action man	ˈakt̪jonman
actividades de construcción y servicios	akt̪ibiˈd̪ad̪es d̪e konst̪ɾukˈsjon i seɾˈbisjos
ad hoc	ad̪ok
ad infinitum	ad̪infiniˈt̪um
ad libitum	ad̪libiˈt̪um
ad nauseam	ad̪nawseˈam
ad referéndum	ad̪refeˈɾend̪um
ad valorem	ad̪baloˈɾem
addis abeba	ˈad̪d̪isaˈbeba
adelphia communications	aˈd̪elpjakomuniˈkat̪jons
adobe acrobat	aˈd̪obeakɾoˈbat̪
adobe systems	aˈd̪obeˈesʝst̪ems
advanced micro devices	ad̪banˈsed̪ˈmikɾod̪eˈbises
aerolineas argentinas	aeɾoliˈneasaɾxenˈt̪inas
afp provida	aefeˈpepɾoˈbid̪a
aguas andinas	ˈagwasanˈd̪inas
aguas argentinas	ˈagwasaɾxenˈt̪inas
aguas de barcelona	ˈagwasd̪ebaɾseˈlona
aguas decima	ˈagwasd̪eˈsima
aguas puerto	ˈagwasˈpweɾt̪o
aguas quinta	ˈagwasˈkint̪a
air canada	ajɾkaˈnad̪a
air comet	ajɾkoˈmet̪
air france	ajɾˈfɾanse
akzo nobel	ˈaksonoˈbel
al ahly	alalʝ
al capone	alkaˈpone
al dente	alˈd̪ent̪e
alcalá de henares	alkaˈlad̪eeˈnaɾes
alcalá del río	alkaˈlad̪elˈrio
alfa romeo	ˈalfaroˈmeo
alfonso ugarte	alˈfonsouˈgaɾt̪e
alianza lima	aˈljansaˈlima
allied domecq	aˈʝjed̪d̪oˈmek
almirante brown	almiˈɾant̪ebɾown
alta vista	ˈalt̪aˈbist̪a
alter ego	alˈt̪eˈɾego
alter egos	alˈt̪eˈɾegos
alto cachapoal	ˈalt̪okaʧapoˈal
alto egipto	ˈalt̪oeˈxipt̪o
alto valle	ˈalt̪oˈbaʝe
américa central	aˈmeɾikasenˈt̪ɾal
américa del norte	aˈmeɾikad̪elˈnoɾt̪e
américa del sur	aˈmeɾikad̪elsuɾ
américa latina	aˈmeɾikalaˈt̪ina
américa meridional	aˈmeɾikameɾid̪joˈnal
american express	ameˈɾikaˈnekspɾes
american general	ameˈɾikanxeneˈɾal
american international	ameˈɾikanint̪eɾnat̪joˈnal
american power conversion	ameˈɾikan ˈpaweɾ konˈbeɾsjon
amnistía internacional	amnisˈt̪iaint̪eɾnasjoˈnal
amu darya	ˈamuˈd̪aɾʝa
an najaf	annaˈxaf
andhra pradesh	ˈand̪ɾapɾaˈd̪eʧ
anglo american	ˈangloameˈɾikan
angra dos reis	ˈangɾad̪osrejs
ann arbor	annaɾˈboɾ
antigua república yugoslava de macedonia	anˈt̪igwa reˈpublika ʝugosˈlaba d̪e maseˈd̪onja
antigua y barbuda	anˈt̪igwaibaɾˈbud̪a
antillas menores	anˈt̪iʝasmeˈnoɾes
aol time warner	aoˈeleˈt̪imewaɾˈneɾ
apple computer	ˈapelkompuˈt̪eɾ
applied materials	aˈpljed̪maˈt̪eɾjals
arabia saudí	aˈɾabjasawˈd̪i
arabia saudita	aˈɾabjasawˈd̪it̪a
archipiélago de los chonos	aɾʧiˈpjelago d̪e los ˈʧonos
argentinos juniors	aɾxenˈt̪inosˈʝunjoɾs
arias cañete	ˈaɾjaskaˈɲet̪e
atlas copco	ˈat̪lasˈkopko
atlético bucaramanga	aˈt̪let̪ikobukaɾaˈmanga
atlético madrid	aˈt̪let̪ikomaˈd̪ɾid̪
atlético quindío	aˈt̪let̪ikokinˈd̪io
au pair	awpajɾ
audax italiano	ˈawd̪aksit̪aˈljano
aum shinrikyo	awmʧinˈrikʝo
austin mini	ˈawst̪inˈmini
australian gas light	awsˈt̪ɾaljangaslajt̪
autónoma de guadalajara	awˈt̪onomad̪egwad̪alaˈxaɾa
azcárraga jean	asˈkaragaˈxean
bae systems	ˈbaeˈesʝst̪ems
bahía blanca	baˈiaˈblanka
baja california	ˈbaxakaliˈfoɾnja
baja california sur	ˈbaxakaliˈfoɾnjasuɾ
banca di roma	ˈbankad̪iˈroma
banco agrario	ˈbankoaˈgɾaɾjo
banco andino	ˈbankoanˈd̪ino
banco bhif	ˈbankobif
banco bilbao	ˈbankobilˈbao
banco bilbao vizcaya	ˈbankobilˈbaobisˈkaʝa
banco bilbao vizcaya argentaria	ˈbanko bilˈbao bisˈkaʝa aɾxenˈt̪aɾja
banco bradesco	ˈbankobɾaˈd̪esko
banco de boston	ˈbankod̪eˈbost̪on
banco de chile	ˈbankod̪eˈʧile
banco de comercio	ˈbankod̪ekoˈmeɾsjo
banco de crédito	ˈbankod̪eˈkɾed̪it̪o
banco de crédito e inversiones	ˈbanko d̪e ˈkɾed̪it̪o e inbeɾˈsjones
banco de galicia	ˈbankod̪egaˈlisja
banco de galicia y buenos aires	ˈbanko d̪e gaˈlisja i ˈbwenoˈs ajɾes
banco de guatemala	ˈbankod̪egwat̪eˈmala
banco de la nación argentina	ˈbanko d̪e la naˈsjon aɾxenˈt̪ina
banco de mendoza	ˈbankod̪emenˈd̪osa
banco del estado	ˈbankod̪elesˈt̪ad̪o
banco del pacífico	ˈbankod̪elpaˈsifiko
banco del país	ˈbankod̪elpaˈis
banco do brasil	ˈbankod̪obɾaˈsil
banco ganadero	ˈbankoganaˈd̪eɾo
banco general de negocios	ˈbanko xeneˈɾal d̪e neˈgosjos
banco hipotecario	ˈbankoipot̪eˈkaɾjo
banco interamericano de desarrollo	mxfeɾnand̪es enuɾkid̪iɾjeskopunt̪oˈʧile
banco internacional	ˈbankoint̪eɾnasjoˈnal
banco itau	ˈbankoiˈt̪aw
banco latino	ˈbankolaˈt̪ino
banco latinoamericano de exportaciones	ˈbanko lat̪inoameɾiˈkano d̪e ekspoɾt̪aˈsjones
banco mercantil	ˈbankomeɾkanˈt̪il
banco mercurio	ˈbankomeɾˈkuɾjo
banco mundial	ˈbankomunˈd̪jal
banco nacional	ˈbankonasjoˈnal
banco nacional de méxico	ˈbanko nasjoˈnal d̪e ˈmeksiko
banco patagonia	ˈbankopat̪aˈgonja
banco regional	ˈbankorexjoˈnal
banco santander central	ˈbankosant̪anˈd̪eɾsenˈt̪ɾal
banco santiago	ˈbankosanˈt̪jago
banco sudamericano	ˈbankosud̪ameɾiˈkano
banco sudameris	ˈbankosud̪aˈmeɾis
banco tornquist	ˈbankot̪oɾˈnkist̪
banco transandino	ˈbankot̪ɾansanˈd̪ino
banco urquijo	ˈbankouɾˈkixo
banco wiese	ˈbankoˈwjese
banja luka	ˈbanxaˈluka
bank of america	bankafameˈɾika
bank of new york	bankafnewʝoɾk
bank of nova scotia	bankafˈnobaesˈkot̪ja
bank of scotland	bankafeskoˈt̪land̪
bank one	banˈkone
banque nationale de paris	ˈbanke nat̪joˈnale d̪e ˈpaɾis
barrick gold	baˈrikgold̪
baton rouge	ˈbat̪onˈrowxe
bbva bancomer	bbbabankoˈmeɾ
bea systems	ˈbeaˈesʝst̪ems
bear stearns	beˈaɾesˈt̪eaɾns
becton dickinson	ˈbekt̪ond̪iˈkinson
beer sheva	beɾˈʧeba
bell atlantic	belat̪lanˈt̪ik
bell south	belsowt̪
belo horizonte	ˈbelooɾiˈsont̪e
benito juárez	beˈnit̪oˈxwaɾes
bentley continental	benˈt̪lejkont̪inenˈt̪al
berkshire hathaway	beɾˈkʧiɾeat̪aˈwaj
best buy	best̪buj
bhp billiton	bpbiˈʝit̪on
biblioteca del congreso	bibljoˈt̪ekad̪elkonˈgɾeso
big ben	bigben
bilz y pap	bilsipap
bin mahfouz	binmaˈfows
black flag	blakflag
blue jean	bluˈxean
bnp paribas	bnppaˈɾibas
boca del río	ˈbokad̪elˈrio
bodegas y bebidas	boˈd̪egasibeˈbid̪as
boise cascade	ˈbojsekasˈkad̪e
bon ami	boˈnami
bon jovi	bonˈxobi
bp amoco	bpaˈmoko
bristol myers squibb	bɾisˈt̪olmʝeɾsesˈkibb
british airways	bɾiˈt̪iˈʧajɾwajs
british american tobacco	bɾiˈt̪iʧ ameˈɾikan t̪oˈbako
british columbia	bɾiˈt̪iʧkoˈlumbja
british petroleum	bɾiˈt̪iʧpet̪ɾoˈlewm
british telecommunications	bɾiˈt̪iʧ t̪elekomuniˈkat̪jons
broad peak	bɾoˈad̪pik
buenos aires	ˈbwenoˈsajɾes
burger king	buɾˈxeɾkin
burkina faso	buɾˈkinaˈfaso
caballo blanco	kaˈbaʝoˈblanko
cabernet sauvignon	kabeɾˈnet̪sawˈbignon
cabo de hornos	ˈkabod̪eˈoɾnos
cabo verde	ˈkaboˈbeɾd̪e
cadbury schweppes	kad̪ˈbuɾʝˈʧwepes
caja de ahorros	ˈkaxad̪eaˈoros
caja madrid	ˈkaxamaˈd̪ɾid̪
campo grande	ˈkampoˈgɾand̪e
can mayor	kanmaˈʝoɾ
canada dry	ˈkanad̪ad̪ɾaj
canal de la mancha	kaˈnald̪elaˈmanʧa
cape town	ˈkapet̪own
carolina del norte	kaɾoˈlinad̪elˈnoɾt̪e
carolina del sur	kaɾoˈlinad̪elsuɾ
carrizal bajo	kariˈsalˈbaxo
carson city	ˈkaɾsonsit̪ʝ
carta blanca	ˈkaɾt̪aˈblanka
carta vieja	ˈkaɾt̪aˈbjexa
caxias do sul	ˈkaksjasd̪osul
central costanera	senˈt̪ɾalkost̪aˈneɾa
central español	senˈt̪ɾalespaˈɲol
central puerto	senˈt̪ɾalˈpweɾt̪o
cerro azul	ˈseroaˈsul
cerro castillo	ˈserokasˈt̪iʝo
cerro porteño	ˈseropoɾˈt̪eɲo
cerro tupungato	ˈserot̪upunˈgat̪o
charles schwab	ˈʧaɾlesʧwab
chase manhattan	ˈʧasemaˈnat̪an
cheung kong	ʧewnkon
chevrolet astro	ʧebɾoˈleˈt̪ast̪ɾo
chevrolet bel air	ʧebɾoˈlet̪belajɾ
chevrolet blazer	ʧebɾoˈlet̪blaˈseɾ
chevrolet camaro	ʧebɾoˈlet̪kaˈmaɾo
chevrolet celebrity	ʧebɾoˈlet̪seleˈbɾit̪ʝ
chevrolet chevette	ʧebɾoˈlet̪ʧeˈbet̪e
chevrolet chevy van	ʧebɾoˈlet̪ʧebʝban
chevrolet corvette	ʧebɾoˈlet̪koɾˈbet̪e
chevrolet impala	ʧebɾoˈlet̪imˈpala
chevrolet lumina	ʧebɾoˈlet̪luˈmina
chevrolet monza	ʧebɾoˈlet̪ˈmonsa
chevrolet tahoe	ʧebɾoˈlet̪t̪aˈoe
chiang mai	ʧjanmaj
china mobile	ˈʧinamoˈbile
china unicom	ˈʧinauniˈkom
chivas regal	ˈʧibasreˈgal
cho oyu	ʧoˈoʝu
christian dior	ˈkɾist̪jand̪joɾ
chrysler neon	kɾʝsleɾˈneon
chrysler stratus	kɾʝsleɾesˈt̪ɾat̪us
chupa chups	ˈʧupaʧups
cisco systems	ˈsiskoˈesʝst̪ems
citroen ax	siˈt̪ɾoenaks
citroen bx	siˈt̪ɾoenbks
citroen saxo	siˈt̪ɾoenˈsakso
citroen visa	siˈt̪ɾoenˈbisa
citroen xantia	siˈt̪ɾoenˈsant̪ja
citroen xsara	siˈt̪ɾoenˈsaɾa
citroen zx	siˈt̪ɾoensks
ciudad bolívar	sjuˈd̪ad̪boˈlibaɾ
ciudad de guatemala	sjuˈd̪ad̪d̪egwat̪eˈmala
ciudad de méxico	sjuˈd̪ad̪d̪eˈmeksiko
ciudad del cabo	sjuˈd̪ad̪d̪elˈkabo
ciudad del este	sjuˈd̪ad̪d̪eˈlest̪e
ciudad del vaticano	sjuˈd̪ad̪d̪elbat̪iˈkano
ciudad juárez	sjuˈd̪ad̪ˈxwaɾes
close up	ˈkloseuˈpe
cms energy	kmseˈneɾgʝ
co ltd	kolt̪d̪
cola cao	ˈkolaˈkao
colo colo	ˈkoloˈkolo
colorado springs	koloˈɾad̪oˈespɾins
comisión internacional de juristas	komiˈsjon int̪eɾnasjoˈnal d̪e xuˈɾist̪as
comité internacional de la cruz roja	komiˈt̪e int̪eɾnasjoˈnal d̪e la kɾus ˈroxa
comodoro rivadavia	komoˈd̪oɾoribaˈd̪abja
compaq computer	komˈpakkompuˈt̪eɾ
computer associates	kompuˈt̪eɾasoˈsjat̪es
computer sciences	kompuˈt̪eɾeˈsjenses
comunidad europea	komuniˈd̪ad̪ewɾoˈpea
concepción del uruguay	konsepˈsjond̪eluɾuˈgwaj
confederación suiza	konfed̪eɾaˈsjonˈswisa
consejo de europa	konˈsexod̪eewˈɾopa
consejo de la unión europea	konˈsexo d̪e la uˈnjon ewɾoˈpea
continental airlines	kont̪inenˈt̪alajɾˈlines
convergencia y unión	konbeɾˈxensjaiuˈnjon
coral springs	koˈɾaˈlespɾins
cordillera central	koɾd̪iˈʝeɾasenˈt̪ɾal
cordillera de la costa	koɾd̪iˈʝeɾad̪elaˈkost̪a
cordillera real	koɾd̪iˈʝeɾareˈal
corea del norte	koˈɾead̪elˈnoɾt̪e
corea del sur	koˈɾead̪elsuɾ
corona austral	koˈɾonaawsˈt̪ɾal
corporación financiera	koɾpoɾaˈsjonfinanˈsjeɾa
corporación nacional del cobre de chile	koɾpoɾaˈsjon nasjoˈnal d̪el ˈkobɾe d̪e ˈʧile
corpus christi	ˈkoɾpusˈkɾist̪i
corte europea de derechos humanos	ˈkoɾt̪e ewɾoˈpea d̪e d̪eˈɾeʧos uˈmanos
costa de marfil	ˈkost̪ad̪emaɾˈfil
costa rica	ˈkost̪aˈrika
credit agricole	kɾeˈd̪it̪agɾiˈkole
credit lyonnais	kɾeˈd̪it̪lˈʝonnajs
credit suisse	kɾeˈd̪it̪ˈswise
cruz azul	kɾusaˈsul
cruz del sur	kɾusd̪elsuɾ
cruz roja	kɾusˈroxa
daihatsu charade	d̪aˈjat̪suʧaˈɾad̪e
daihatsu charmant	d̪aˈjat̪suʧaɾˈmant̪
daihatsu feroza	d̪aˈjat̪sufeˈɾosa
daihatsu rocky	d̪aˈjat̪surokʝ
daihatsu sirion	d̪aˈjat̪suˈsiɾjon
daihatsu terios	d̪aˈjat̪suˈt̪eɾjos
daio paper	ˈd̪ajoˈpepeɾ
daiwa securities	ˈd̪ajwasekuˈɾit̪jes
dakota del norte	d̪aˈkot̪ad̪elˈnoɾt̪e
dakota del sur	d̪aˈkot̪ad̪elsuɾ
dalai lama	ˈd̪alajˈlama
dar es salaam	d̪aɾessaˈlam
dassault aviation	d̪aˈsawlt̪aˈbjat̪jon
datsun bluebird	ˈd̪at̪sunblweˈbiɾd̪
de balzac	d̪ebalˈsak
de beauvoir	d̪ebeawˈbojɾ
de bergerac	d̪ebeɾxeˈɾak
de borda	d̪eˈboɾd̪a
de bruijn	d̪ebɾwixn
de carlo	d̪eˈkaɾlo
de champagne	d̪eʧamˈpagne
de chardin	d̪eˈʧaɾd̪in
de chateaubriand	d̪eʧat̪eawˈbɾjand̪
de coubertin	d̪ekowˈbeɾt̪in
de coulomb	d̪ekowˈlomb
de facto	d̪eˈfakt̪o
de fortabat	d̪efoɾt̪aˈbat̪
de france	d̪eˈfɾanse
de gaulle	d̪eˈgawʝe
de givenchy	d̪exiˈbenʧʝ
de jure	d̪eˈxuɾe
de la fontaine	d̪elafonˈt̪ajne
de la hoya	d̪elaˈoʝa
de la rua	d̪elarwa
de la salle	d̪elaˈsaʝe
de la tour	d̪elat̪uɾ
de laclos	d̪eˈlaklos
de lautréamont	d̪elawˈt̪ɾeamont̪
de luca	d̪eˈluka
de marco	d̪eˈmaɾko
de maupassant	d̪emawpaˈsant̪
de montaigne	d̪emonˈt̪ajgne
de musset	d̪emuˈset̪
de nerval	d̪eneɾˈbal
de palacio	d̪epaˈlasjo
de re	d̪ere
de rothschild	d̪erot̪ˈʧild̪
de sade	d̪eˈsad̪e
de soto	d̪eˈsot̪o
de talleyrand	d̪et̪aˈʝeʝɾand̪
de troyes	d̪eˈt̪ɾoʝes
de villepin	d̪ebiˈʝepin
de vries	d̪eˈbɾies
de witt	d̪ewit̪
dean witter	ˈd̪eanwiˈt̪eɾ
del gato	d̪elˈgat̪o
del oro	d̪eˈloɾo
del pino	d̪elˈpino
del rio	d̪elrjo
del toro	d̪elˈt̪oɾo
del vecchio	d̪elˈbekʧjo
dell computer	d̪elkompuˈt̪eɾ
delta air lines	ˈd̪elt̪aajɾˈlines
delta airlines	ˈd̪elt̪aajɾˈlines
deportes concepción	d̪eˈpoɾt̪eskonsepˈsjon
deportes la serena	d̪eˈpoɾt̪eslaseˈɾena
deportes tolima	d̪eˈpoɾt̪est̪oˈlima
deportes valdivia	d̪eˈpoɾt̪esbalˈd̪ibja
deportivo español	d̪epoɾˈt̪iboespaˈɲol
deportivo pereira	d̪epoɾˈt̪ibopeˈɾejɾa
des moines	d̪esˈmojnes
deutsche bank	ˈd̪ewʧebank
deutsche boerse	ˈd̪ewʧeboˈeɾse
deutsche post	ˈd̪ewʧepost̪
deutsche telecom	ˈd̪ewʧet̪eleˈkom
deutsche telekom	ˈd̪ewʧet̪eleˈkom
di pietro	d̪iˈpjet̪ɾo
di prima	d̪iˈpɾima
di rupo	d̪iˈrupo
diet coke	ˈd̪aʝet̪ˈkoke
distribución y servicio	d̪ist̪ɾibuˈsjoniseɾˈbisjo
distrito de columbia	d̪isˈt̪ɾit̪od̪ekoˈlumbja
distrito federal	d̪isˈt̪ɾit̪ofed̪eˈɾal
dom perignon	d̪ompeˈɾignon
don lucho	d̪onˈluʧo
don pedro	d̪onˈped̪ɾo
dos hermanas	d̪oseɾˈmanas
dow chemical	d̪owʧemiˈkal
dow jones	d̪owˈxones
dragados y construcciones	d̪ɾaˈgad̪os i konst̪ɾukˈsjones
dresdner bank	d̪ɾesˈd̪neɾbank
du plessis	d̪uˈplesis
duke energy	ˈd̪ukeeˈneɾgʝ
eastman kodak	eˈast̪mankoˈd̪ak
edison international	eˈd̪isonint̪eɾnat̪joˈnal
ee uu	eu
el alamo	elaˈlamo
el alto	eˈlalt̪o
el baúl	elbaˈul
el cairo	elˈkajɾo
el cajon	elˈkaxon
el callao	elkaˈʝao
el centro	elˈsent̪ɾo
el cóndor	elˈkond̪oɾ
el conquistador	elkonkist̪aˈd̪oɾ
el descanso	eld̪esˈkanso
el dorado	eld̪oˈɾad̪o
el encanto	elenˈkant̪o
el ferrol	elfeˈrol
el inca	eˈlinka
el indio	eˈlind̪jo
el molino	elmoˈlino
el monte	elˈmont̪e
el paso	elˈpaso
el porvenir	elpoɾbeˈniɾ
el salvador	elsalbaˈd̪oɾ
el silencio	elsiˈlensjo
el soberbio	elsoˈbeɾbjo
el tigre	elˈt̪igɾe
el tofo	elˈt̪ofo
el trapiche	elt̪ɾaˈpiʧe
el valle	elˈbaʝe
el vaticano	elbat̪iˈkano
electricidad de caracas	elekt̪ɾisiˈd̪ad̪d̪ekaˈɾakas
electronic arts	elekt̪ɾoˈnikaɾt̪s
elefante blanco	eleˈfant̪eˈblanko
elf aquitaine	elfakiˈt̪ajne
eli lilly	ˈelililʝ
elizabeth ii	elisaˈbet̪d̪os
eloy alfaro	eˈlojalˈfaɾo
embotelladora andina	embot̪eʝaˈd̪oɾaanˈd̪ina
emiratos árabes unidos	emiˈɾat̪oˈsaɾabesuˈnid̪os
empresa nacional de electricidad	emˈpɾesa nasjoˈnal d̪e elekt̪ɾisiˈd̪ad̪
espírito santo	esˈpiɾit̪oˈsant̪o
espiritu santo	espiˈɾit̪uˈsant̪o
estado de israel	esˈt̪ad̪od̪eisraˈel
estado de la ciudad del vaticano	esˈt̪ad̪o d̪e la sjuˈd̪ad̪ d̪el bat̪iˈkano
estados federados de micronesia	esˈt̪ad̪os fed̪eˈɾad̪os d̪e mikɾoˈnesja
estados unidos	esˈt̪ad̪osuˈnid̪os
estados unidos de américa	esˈt̪ad̪os uˈnid̪os d̪e aˈmeɾika
estados unidos mexicanos	esˈt̪ad̪osuˈnid̪osmeksiˈkanos
esteban echeverría	esˈt̪ebaneʧebeˈria
estee lauder	ˈest̪elawˈd̪eɾ
estrecho de gibraltar	esˈt̪ɾeʧod̪exibɾalˈt̪aɾ
estrecho de magallanes	esˈt̪ɾeʧod̪emagaˈʝanes
estrella blanca	esˈt̪ɾeʝaˈblanka
eusko alkartasuna	ˈewskoalkaɾt̪aˈsuna
ex aequo	eksaˈekwo
ex profeso	ekspɾoˈfeso
exxon mobil	ˈeksksonmoˈbil
fannie mae	ˈfannjeˈmae
federación de rusia	fed̪eɾaˈsjond̪eˈrusja
federación internacional de derechos humanos	fed̪eɾaˈsjon int̪eɾnasjoˈnal d̪e d̪eˈɾeʧos uˈmanos
fernández vial	feɾˈnand̪esbjal
fernando de la mora	feɾˈnand̪od̪elaˈmoɾa
fiat brava	fjat̪ˈbɾaba
fiat bravo	fjat̪ˈbɾabo
fiat marea	fjat̪maˈɾea
fiat punto	fjat̪ˈpunt̪o
fiat tempra	fjat̪ˈt̪empɾa
fiat tipo	fjat̪ˈt̪ipo
fiat uno	fjaˈt̪uno
fidelity investments	fid̪eˈlit̪ʝinˈbest̪ment̪s
financial times	finanˈsjalˈt̪imes
first union	fiɾsˈt̪unjon
fleetboston financial	flet̪ˈbost̪onfinanˈsjal
florencio varela	floˈɾensjobaˈɾela
fomento de construcciones y contratas	foˈment̪o d̪e konst̪ɾukˈsjones i konˈt̪ɾat̪as
ford aerostar	foɾd̪aeɾosˈt̪aɾ
ford escort	foɾd̪esˈkoɾt̪
ford explorer	foɾd̪eksploˈɾeɾ
ford falcon	foɾd̪ˈfalkon
ford fiesta	foɾd̪ˈfjest̪a
ford focus	foɾd̪ˈfokus
ford galaxy	foɾd̪gaˈlaksʝ
ford ka	foɾd̪ka
ford lincoln	foɾd̪ˈlinkoln
ford mondeo	foɾd̪monˈd̪eo
ford motor	foɾd̪moˈt̪oɾ
ford motor company	foɾd̪moˈt̪oɾkomˈpanʝ
ford motors	foɾd̪ˈmot̪oɾs
ford mustang	foɾd̪ˈmust̪an
ford ranger	foɾd̪ˈranʝeɾ
ford taurus	foɾd̪ˈt̪awɾus
ford thunderbird	foɾd̪ˈt̪and̪eɾbeɾd̪
fort lauderdale	foɾt̪lawd̪eɾˈd̪ale
fort wayne	foɾt̪ˈwaʝne
fort worth	foɾt̪woɾt̪
france telecom	ˈfɾanset̪eleˈkom
frankfurt am main	fɾanˈkfuɾt̪ammajn
freddie mac	ˈfɾed̪d̪jemak
fuji bank	ˈfuxibank
fuji heavy industries	ˈfuxiˈxebiinˈd̪ust̪ɾjes
fuji photo film	ˈfuxiˈpot̪ofilm
fujitsu siemens	fuˈxit̪suˈsjemens
garden city	ˈgaɾd̪ensit̪ʝ
gasherbrum ii	gaʧeɾˈbɾumd̪os
gasoducto nor andino	gasoˈd̪ukt̪onoɾanˈd̪ino
general dynamics	xeneˈɾald̪ˈʝnamiks
general electric	xeneˈɾalelekˈt̪ɾik
general electric company	xeneˈɾalelekˈt̪ɾikkomˈpanʝ
general mills	xeneˈɾalmils
general motors	xeneˈɾalˈmot̪oɾs
general roca	xeneˈɾalˈroka
general san martín	xeneˈɾalsanmaɾˈt̪in
general santos	xeneˈɾalˈsant̪os
georgia pacific	xeˈoɾxjapasiˈfik
gimnasia y esgrima	ximˈnasjaiesˈgɾima
godoy cruz	goˈd̪ojkɾus
gold coast	gold̪koˈast̪
goldman sachs	ˈgold̪mansaʧs
goldman sachs group	ˈgold̪mansaʧsgɾowp
golfo de ancud	ˈgolfod̪eanˈkud̪
golfo de guinea	ˈgolfod̪egiˈnea
golfo de méxico	ˈgolfod̪eˈmeksiko
golfo de penas	ˈgolfod̪eˈpenas
golfo pérsico	ˈgolfoˈpeɾsiko
gonzález álvarez	gonˈsaleˈsalbaɾes
gran bretaña	gɾanbɾeˈt̪aɲa
gran canaria	gɾankaˈnaɾja
gran chaco	gɾanˈʧako
gran ducado de luxemburgo	gɾan d̪uˈkad̪o d̪e luksemˈbuɾgo
grand rapids	gɾand̪ˈrapid̪s
grandes lagos	ˈgɾand̪esˈlagos
grandes ligas	ˈgɾand̪esˈligas
great britain	gɾeˈat̪ˈbɾit̪ajn
green bay	gɾenbaj
green river	gɾenriˈbeɾ
grosso modo	ˈgɾosoˈmod̪o
grupo acs	ˈgɾupoaks
grupo carso	ˈgɾupoˈkaɾso
grupo dragados	ˈgɾupod̪ɾaˈgad̪os
grupo modelo	ˈgɾupomoˈd̪elo
grupo televisa	ˈgɾupot̪eleˈbisa
guayana francesa	gwaˈʝanafɾanˈsesa
guinea ecuatorial	giˈneaekwat̪oˈɾjal
gutiérrez díaz	guˈt̪jeresˈd̪ias
habeas corpus	aˈbeasˈkoɾpus
harley davidson	aɾˈlejd̪aˈbid̪son
herrera de noble	eˈreɾad̪eˈnoble
herri batasuna	ˈeribat̪aˈsuna
hewitt associates	eˈwit̪asoˈsjat̪es
hewlett packard	ewˈlet̪paˈkaɾd̪
ho chi minh	oʧimin
home depot	ˈomed̪eˈpot̪
honda accord	ˈond̪aaˈkoɾd̪
honda civic	ˈond̪asiˈbik
honda integra	ˈond̪ainˈt̪egɾa
honda jazz	ˈond̪aʝas
honda motor	ˈond̪amoˈt̪oɾ
honeywell international	oneˈʝwelint̪eɾnat̪joˈnal
hong kong	onkon
hot dog	xot̪ˈd̪og
hot dogs	xot̪ˈd̪ogs
human rigths watch	ˈumanrigt̪swaʧ
huracán buceo	uɾaˈkanbuˈseo
hutchison whampoa	uˈʧisonwamˈpoa
hynix semiconductor	ʝnikssemikond̪ukˈt̪oɾ
hyundai accent	ˈʝund̪ajakˈsent̪
hyundai elantra	ˈʝund̪ajeˈlant̪ɾa
hyundai motor	ˈʝund̪ajmoˈt̪oɾ
hyundai pony	ˈʝund̪ajponʝ
hyundai scoupe	ˈʝund̪ajesˈkowpe
hyundai sonata	ˈʝund̪ajsoˈnat̪a
hyundai stellar	ˈʝund̪ajest̪eˈʝaɾ
imperial chemical industries	impeˈɾjal ʧemiˈkal inˈd̪ust̪ɾjes
imperial tobacco	impeˈɾjalt̪oˈbako
ims health	imseˈalt̪
in crescendo	inkɾeˈsend̪o
in fieri	inˈfjeɾi
in fraganti	infɾaˈgant̪i
in illo tempore	iˈniʝot̪emˈpoɾe
in pace	inˈpase
in re	inre
in situ	inˈsit̪u
inca kola	ˈinkaˈkola
ingram micro	inˈgɾamˈmikɾo
international business machines	int̪eɾnat̪joˈnal buˈsines maˈʧines
international paper	int̪eɾnat̪joˈnalˈpepeɾ
ipso facto	ˈipsoˈfakt̪o
iron mountain	ˈiɾonˈmownt̪ajn
isla de la juventud	ˈislad̪elaxubenˈt̪ud̪
isla de margarita	ˈislad̪emaɾgaˈɾit̪a
isla grande de chiloé	ˈislaˈgɾand̪ed̪eʧiloˈe
isla grande de tierra del fuego	ˈisla ˈgɾand̪e d̪e ˈt̪jera d̪el ˈfwego
isla magdalena	ˈislamagd̪aˈlena
isla margarita	ˈislamaɾgaˈɾit̪a
isla navarino	ˈislanabaˈɾino
isla norfolk	ˈislanoɾˈfolk
isla riesco	ˈislaˈrjesko
islas baleares	ˈislasbaleˈaɾes
islas británicas	ˈislasbɾiˈt̪anikas
islas caimán	ˈislaskajˈman
islas cook	ˈislaskok
islas falkland	ˈislasfalˈkland̪
islas feroe	ˈislasfeˈɾoe
islas galápagos	ˈislasgaˈlapagos
islas juan fernández	ˈislasxwanfeɾˈnand̪es
islas malvinas	ˈislasmalˈbinas
islas marshall	ˈislasˈmaɾʧal
islas salomón	ˈislassaloˈmon
islas vírgenes	ˈislasˈbiɾxenes
islas vírgenes británicas	ˈislas ˈbiɾxenes bɾiˈt̪anikas
izquierda unida	isˈkjeɾd̪auˈnid̪a
jack daniels	xakˈd̪anjels
jaguar xkr	xaˈgwaɾskɾ
jan mayen	xanˈmaʝen
japan airlines	ˈxapanajɾˈlines
japan telecom	ˈxapant̪eleˈkom
japan tobacco	ˈxapant̪oˈbako
jc penney	xkpenˈnej
jc penny	xkpennʝ
jds uniphase	xd̪suniˈpase
jeep cherokee	ʝipʧeˈɾoke
jeep wrangler	ʝipwɾanˈgleɾ
jemaah islamiya	ˈxemaislaˈmiʝa
jerez de la frontera	xeˈɾesd̪elafɾonˈt̪eɾa
jersey city	xeɾˈsejsit̪ʝ
jockey club	ˈʝokiklub
johnnie walker	ˈxonnjeˈwalkeɾ
jorge wilsterman	ˈxoɾxewilsˈt̪eɾman
josé gálvez	xoˈseˈgalbes
jp morgan	xpˈmoɾgan
jp morgan chase	xpˈmoɾganˈʧase
juan carlos i	xwanˈkaɾlosi
juan de dios	xwand̪ed̪jos
juan josé	xwanxoˈse
juiz de fora	xwisd̪eˈfoɾa
juniper networks	xuniˈpeɾˈnet̪woɾks
kansas city	ˈkansassit̪ʝ
khan yunis	kanˈʝunis
khmer rouge	kmeɾˈrowxe
khon kaen	konˈkaen
kia motors	kjaˈmot̪oɾs
kimberly clark	kimˈbeɾlʝklaɾk
knight ridder	kniˈgut̪rid̪ˈd̪eɾ
korean air	koˈɾeanajɾ
kraft foods	kɾaft̪fod̪s
kuala lumpur	ˈkwalalumˈpuɾ
la caixa	laˈkajksa
la carlota	lakaɾˈlot̪a
la cartuja	lakaɾˈt̪uxa
la coronilla	lakoɾoˈniʝa
la coruña	lakoˈɾuɲa
la escala	laesˈkala
la esperanza	laespeˈɾansa
la espina	laesˈpina
la europea	laewɾoˈpea
la favorita	lafaboˈɾit̪a
la fragua	laˈfɾagwa
la gruta	laˈgɾut̪a
la guardia	laˈgwaɾd̪ja
la habana	laaˈbana
la haya	laˈaʝa
la interamericana	laint̪eɾameɾiˈkana
la jolla	laˈxoʝa
la joya	laˈxoʝa
la laguna	lalaˈguna
la mancha	laˈmanʧa
la matanza	lamaˈt̪ansa
la paz	lapas
la plata	laˈplat̪a
la rioja	laˈrjoxa
la rochelle	laroˈʧeʝe
la romana	laroˈmana
la serena	laseˈɾena
la union	laˈunjon
laboratorio chile	laboɾaˈt̪oɾjoˈʧile
lada niva	ˈlad̪aˈniba
lada samara	ˈlad̪asaˈmaɾa
lago general carrera	ˈlagoxeneˈɾalkaˈreɾa
lago llanquihue	ˈlagoʝanˈkiwe
lago titicaca	ˈlagot̪it̪iˈkaka
lake erie	ˈlakeˈeɾje
land rover	land̪roˈbeɾ
land rover freelander	land̪roˈbeɾfɾelanˈd̪eɾ
las heras	laˈseɾas
las lomitas	lasloˈmit̪as
las palmas de gran canaria	las ˈpalmas d̪e gɾan kaˈnaɾja
las piñas	lasˈpiɲas
las tinajas	last̪iˈnaxas
las tórtolas	lasˈt̪oɾt̪olas
las vegas	lasˈbegas
lázaro cárdenas	ˈlasaɾoˈkaɾd̪enas
le havre	leˈabɾe
le mans	lemans
le pen	lepen
legg mason	leggˈmason
lehman brothers holdings	ˈlemanˈbɾot̪eɾˈsold̪ins
lejano oriente	leˈxanooˈɾjent̪e
lend lease	lend̪leˈase
lexmark international	leksˈmaɾkint̪eɾnat̪joˈnal
lg electronics	lgelekˈt̪ɾoniks
liberty media	liˈbeɾt̪ʝˈmed̪ja
life insurance	ˈlifeinsuˈɾanse
liga deportiva universitaria	ˈliga d̪epoɾˈt̪iba unibeɾsiˈt̪aɾja
lincoln continental	ˈlinkolnkont̪inenˈt̪al
little rock	ˈlit̪lerok
lloyds tsb	ʝoʝd̪st̪sb
lockheed martin	loˈked̪ˈmaɾt̪in
loma negra	ˈlomaˈnegɾa
lomas de zamora	ˈlomasd̪esaˈmoɾa
long beach	lonbeˈaʧ
long island	lonisˈland̪
los alamos	losaˈlamos
los angeles	losanˈxeles
los arcos	loˈsaɾkos
los barrios	losˈbarjos
los cabos	losˈkabos
los gatos	losˈgat̪os
los molinos	losmoˈlinos
los vilos	losˈbilos
louis vuitton	ˈlowisˈbwit̪on
lucent technologies	luˈsent̪t̪eʧnoˈloxjes
lucky strike	lukʝesˈt̪ɾike
luis calvo	lwisˈkalbo
luz del sur	lusd̪elsuɾ
m a n	ˈemeaˈene
madre de dios	ˈmad̪ɾed̪ed̪jos
malta morenita	ˈmalt̪amoɾeˈnit̪a
malvinas argentinas	malˈbinasaɾxenˈt̪inas
mar adriático	maɾad̪ɾiˈat̪iko
mar amarillo	maɾamaˈɾiʝo
mar báltico	maɾˈbalt̪iko
mar caribe	maɾkaˈɾibe
mar caspio	maɾˈkaspjo
mar de bering	maɾd̪eˈbeɾin
mar del norte	maɾd̪elˈnoɾt̪e
mar del plata	maɾd̪elˈplat̪a
mar mediterráneo	maɾmed̪it̪eˈraneo
mar muerto	maɾˈmweɾt̪o
mar negro	maɾˈnegɾo
mar rojo	maɾˈroxo
mar tirreno	maɾt̪iˈreno
marathon oil	maˈɾat̪onojl
martha stewart living	ˈmaɾt̪aest̪eˈwaɾt̪ˈlibin
martínez martínez	maɾˈt̪inesmaɾˈt̪ines
maserati spyder	maseˈɾat̪iespˈʝd̪eɾ
matsushita electric	mat̪suˈʧit̪aelekˈt̪ɾik
matsushita electric industrial	mat̪suˈʧit̪a elekˈt̪ɾik ind̪usˈt̪ɾjal
mauna kea	ˈmawnaˈkea
max factor	maksfakˈt̪oɾ
mazda mpv	ˈmasd̪ampb
mci worldcom	ˈmakiwoɾlˈd̪kom
mea culpa	ˈmeaˈkulpa
medina del campo	meˈd̪inad̪elˈkampo
merrill lynch	meˈrillʝnʧ
mexico city	mekˈsikosit̪ʝ
micron technology	ˈmikɾont̪eʧnoˈlogʝ
milton keynes	ˈmilt̪onˈkeʝnes
miramar misiones	miɾaˈmaɾmiˈsjones
mitsubishi colt	mit̪suˈbiʧikolt̪
mitsubishi electric	mit̪suˈbiʧielekˈt̪ɾik
mitsubishi galant	mit̪suˈbiʧigaˈlant̪
mitsubishi lancer	mit̪suˈbiʧilanˈseɾ
mitsubishi motors	mit̪suˈbiʧiˈmot̪oɾs
mitsubishi pajero	mit̪suˈbiʧipaˈxeɾo
mitsubishi tokyo financial	mit̪suˈbiʧi ˈt̪okʝo finanˈsjal
mizuho financial	ˈmiswofinanˈsjal
mizuho holdings	ˈmiswoˈold̪ins
mm hg	m̩ːg
mohamed ali	moaˈmeˈd̪ali
mont blanc	mont̪blank
montañas azules	monˈt̪aɲasaˈsules
montañas rocosas	monˈt̪aɲasroˈkosas
monte grande	ˈmont̪eˈgɾand̪e
monte olimpo	ˈmont̪eoˈlimpo
montes urales	ˈmont̪esuˈɾales
morgan stanley	ˈmoɾganest̪anˈlej
motu proprio	ˈmot̪uˈpɾopɾjo
mountain bike	ˈmownt̪ajnˈbike
munich re	muˈniʧre
mutatis mutandis	muˈt̪at̪ismuˈt̪and̪is
nacional de drogas	nasjoˈnald̪eˈd̪ɾogas
nacional financiera	nasjoˈnalfinanˈsjeɾa
naciones unidas	naˈsjonesuˈnid̪as
nanda devi	ˈnand̪aˈd̪ebi
nanga parbat	ˈnangapaɾˈbat̪
national bank of canada	nat̪joˈnalbankafkaˈnad̪a
national city	nat̪joˈnalsit̪ʝ
national grid	nat̪joˈnalgɾid̪
national semiconductor	nat̪joˈnalsemikond̪ukˈt̪oɾ
neiman marcus	ˈnejmanˈmaɾkus
network appliance	neˈt̪woɾkaˈpljanse
new brunswick	newbɾunˈswik
new hampshire	newamˈpʧiɾe
new haven	neˈwaben
new jersey	newxeɾˈsej
new mexico	newmekˈsiko
new orleans	newoɾˈleans
new south wales	newsowt̪ˈwales
new york	newʝoɾk
new york times	newʝoɾkˈt̪imes
newmont mining	newˈmont̪ˈminin
nextel communications	neksˈt̪elkomuniˈkat̪jons
nh hoteles	noˈt̪eles
nippon mining	ˈniponˈminin
nippon steel	ˈniponesˈt̪el
nissan bluebird	ˈnisanblweˈbiɾd̪
nissan king	ˈnisankin
nissan maxima	ˈnisanmakˈsima
nissan motor	ˈnisanmoˈt̪oɾ
nissan patrol	ˈnisanpaˈt̪ɾol
nissan primera	ˈnisanpɾiˈmeɾa
nissan sunny	ˈnisansunnʝ
nissan terrano	ˈnisant̪eˈrano
nombre oficial	ˈnombɾeofiˈsjal
norsk hydro	noɾskʝd̪ɾo
nortel networks	noɾˈt̪elˈnet̪woɾks
north carolina	noɾt̪kaɾoˈlina
north island	noɾt̪isˈland̪
northern mariana islands	ˈnoɾt̪eɾnmaˈɾjanaˈislans
northern trust	ˈnoɾt̪eɾnt̪ɾust̪
northrop grumman	noɾˈt̪ɾopˈgɾuman
northwest airlines	noɾˈt̪west̪ajɾˈlines
nova scotia	ˈnobaesˈkot̪ja
novi sad	ˈnobisad̪
nuestra señora del pilar	ˈnwest̪ɾaseˈɲoɾad̪elpiˈlaɾ
nueva caledonia	ˈnwebakaleˈd̪onja
nueva delhi	ˈnwebaˈd̪eli
nueva hampshire	ˈnwebaamˈpʧiɾe
nueva jersey	ˈnwebaxeɾˈsej
nueva méxico	ˈnwebaˈmeksiko
nueva renca	ˈnwebaˈrenka
nueva york	ˈnwebaʝoɾk
nueva zelanda	ˈnwebaseˈland̪a
nuevo laredo	ˈnwebolaˈɾed̪o
nuevo méxico	ˈnweboˈmeksiko
obrascón huarte lain	obɾasˈkonˈwaɾt̪elajn
occidental petroleum	oksid̪enˈt̪alpet̪ɾoˈlewm
océano atlántico	oˈseanoaˈt̪lant̪iko
océano indico	oˈseanoinˈd̪iko
océano índico	oˈseanoˈind̪iko
océano pacífico	oˈseanopaˈsifiko
office depot	ˈofisd̪eˈpot̪
oklahoma city	oklaˈomasit̪ʝ
old spice	old̪esˈpise
once caldas	ˈonseˈkald̪as
opel astra	oˈpeˈlast̪ɾa
opel combo	oˈpelˈkombo
opel corsa	oˈpelˈkoɾsa
opel kadett	oˈpelkaˈd̪et̪
opel omega	oˈpeloˈmega
opel vectra	oˈpelˈbekt̪ɾa
orange crush	ˈoɾanʧkɾaʧ
oriente petrolero	oˈɾjent̪epet̪ɾoˈleɾo
oriente próximo	oˈɾjent̪eˈpɾoksimo
orioles de baltimore	oˈɾjolesd̪ebalt̪iˈmoɾe
oro negro	ˈoɾoˈnegɾo
osa mayor	ˈosamaˈʝoɾ
oso negro	ˈosoˈnegɾo
pacific bell	pasiˈfikbel
pacific ocean	pasiˈfikoˈsean
países bajos	paˈisesˈbaxos
palma de mallorca	ˈpalmad̪emaˈʝoɾka
palmerston north	palˈmeɾst̪onnoɾt̪
palo verde	ˈpaloˈbeɾd̪e
panama city	paˈnamasit̪ʝ
panchen lama	ˈpanʧenˈlama
papua nueva guinea	ˈpapwaˈnwebagiˈnea
parlamento europeo	paɾlaˈment̪oewɾoˈpeo
partido nacionalista vasco	paɾˈt̪id̪o nasjonaˈlist̪a ˈbasko
partido popular	paɾˈt̪id̪opopuˈlaɾ
partido socialista obrero español	paɾˈt̪id̪o sosjaˈlist̪a oˈbɾeɾo espaˈɲol
paso de los libres	ˈpasod̪elosˈlibɾes
paso de los toros	ˈpasod̪elosˈt̪oɾos
patricio lynch	paˈt̪ɾisjolʝnʧ
pavo real	ˈpaboreˈal
pecom energía	peˈkomeneɾˈxia
península de taitao	peˈninsulad̪et̪ajˈt̪ao
pepsi cola	ˈpepsiˈkola
pepsi light	ˈpepsilajt̪
per se	peɾse
perez companc	peˈɾeskomˈpank
pérez companc	ˈpeɾeskomˈpank
pernod ricard	peɾˈnod̪riˈkaɾd̪
petroleos de venezuela	pet̪ɾoˈleosd̪ebeneˈswela
peugeot partner	pewxeˈot̪paɾt̪ˈneɾ
phelps dodge	pelpsˈd̪od̪xe
philip morris	piˈlipˈmoris
philips electronics	ˈpilipselekˈt̪ɾoniks
phillips petroleum	ˈpiʝipspet̪ɾoˈlewm
phnom penh	pnompen
piedra del aguila	ˈpjed̪ɾad̪elaˈgila
piedras negras	ˈpjed̪ɾasˈnegɾas
pilsener cristal	pilseˈneɾkɾisˈt̪al
pinar del río	piˈnaɾd̪elˈrio
pizza hut	ˈpisaut̪
placer dome	plaˈseɾˈd̪ome
plus ultra	pluˈsult̪ɾa
poco a poco	ˈpokoaˈpoko
polinesia francesa	poliˈnesjafɾanˈsesa
polo norte	ˈpoloˈnoɾt̪e
polo ralph lauren	ˈpoloralpˈlawɾen
polo sur	ˈpolosuɾ
pontiac firebird	ponˈt̪jakfiɾeˈbiɾd̪
pontiac gto	ponˈt̪jakgt̪o
por si acaso	poɾsiaˈkaso
port louis	poɾt̪ˈlowis
port moresby	poɾt̪moˈɾesbʝ
porto alegre	ˈpoɾt̪oaˈlegɾe
porto velho	ˈpoɾt̪oˈbelo
portugal telecom	poɾt̪uˈgalt̪eleˈkom
post mortem	post̪moɾˈt̪em
principado de liechtenstein	pɾinsiˈpad̪o d̪e ljeʧˈt̪enst̪ejn
principado de mónaco	pɾinsiˈpad̪od̪eˈmonako
principal financial	pɾinsiˈpalfinanˈsjal
pro forma	pɾoˈfoɾma
prudential financial	pɾud̪enˈt̪jalfinanˈsjal
public service enterprise	puˈblik seɾˈbise ent̪eɾˈpɾise
puente alto	ˈpwent̪eˈalt̪o
puerto asís	ˈpweɾt̪oaˈsis
puerto cabello	ˈpweɾt̪okaˈbeʝo
puerto españa	ˈpweɾt̪oesˈpaɲa
puerto maldonado	ˈpweɾt̪omald̪oˈnad̪o
puerto montt	ˈpweɾt̪omont̪
puerto príncipe	ˈpweɾt̪oˈpɾinsipe
puerto rico	ˈpweɾt̪oˈriko
puerto stanley	ˈpweɾt̪oest̪anˈlej
puerto vallarta	ˈpweɾt̪obaˈʝaɾt̪a
puerto varas	ˈpweɾt̪oˈbaɾas
puna de atacama	ˈpunad̪eat̪aˈkama
punta arenas	ˈpunt̪aaˈɾenas
punta lavapié	ˈpunt̪alabaˈpje
punto fijo	ˈpunt̪oˈfixo
qantas airways	ˈqant̪aˈsajɾwajs
quid pro quo	kid̪pɾokwo
quintana roo	kinˈt̪anaro
qwest communications	qˈwest̪komuniˈkat̪jons
ramat gan	raˈmat̪gan
rampla juniors	ˈramplaˈʝunjoɾs
range rover	ˈranxeroˈbeɾ
rapa nui	ˈrapanuj
real madrid	reˈalmaˈd̪ɾid̪
real santa cruz	reˈalˈsant̪akɾus
reckitt benckiser	reˈkit̪benkiˈseɾ
reina victoria	ˈrejnabikˈt̪oɾja
reino de españa	ˈrejnod̪eesˈpaɲa
reino de los países bajos	ˈrejno d̪e los paˈises ˈbaxos
reino de suecia	ˈrejnod̪eˈswesja
reino de tailandia	ˈrejnod̪et̪ajˈland̪ja
reino unido	ˈrejnouˈnid̪o
reino unido de gran bretaña e irlanda del norte	ˈrejno uˈnid̪o d̪e gɾan bɾeˈt̪aɲa e iɾˈland̪a d̪el ˈnoɾt̪e
renault clio	reˈnawlt̪kljo
renault kangoo	reˈnawlt̪ˈkango
renault laguna	reˈnawlt̪laˈguna
renault megane	reˈnawlt̪meˈgane
renault scenic	reˈnawlt̪eseˈnik
renault twingo	reˈnawlt̪ˈt̪wingo
repsol ypf	repˈsolʝpf
república argentina	reˈpublikaaɾxenˈt̪ina
república bolivariana de venezuela	reˈpublika bolibaˈɾjana d̪e beneˈswela
república centroafricana	reˈpublikasent̪ɾoafɾiˈkana
república checa	reˈpublikaˈʧeka
república de bolivia	reˈpublikad̪eboˈlibja
república de chile	reˈpublikad̪eˈʧile
república de chipre	reˈpublikad̪eˈʧipɾe
república de colombia	reˈpublikad̪ekoˈlombja
república de corea	reˈpublikad̪ekoˈɾea
república de costa rica	reˈpublikad̪eˈkost̪aˈrika
república de croacia	reˈpublikad̪ekɾoˈasja
república de cuba	reˈpublikad̪eˈkuba
república de el salvador	reˈpublikad̪eelsalbaˈd̪oɾ
república de filipinas	reˈpublikad̪efiliˈpinas
república de guatemala	reˈpublikad̪egwat̪eˈmala
república de honduras	reˈpublikad̪eonˈd̪uɾas
república de hungría	reˈpublikad̪eunˈgɾia
república de indonesia	reˈpublikad̪eind̪oˈnesja
república de panamá	reˈpublikad̪epanaˈma
república de polonia	reˈpublikad̪epoˈlonja
república de turquía	reˈpublikad̪et̪uɾˈkia
república del congo	reˈpublikad̪elˈkongo
república del ecuador	reˈpublikad̪elekwaˈd̪oɾ
república del paraguay	reˈpublikad̪elpaɾaˈgwaj
república del perú	reˈpublikad̪elpeˈɾu
república democrática del congo	reˈpublika d̪emoˈkɾat̪ika d̪el ˈkongo
republica dominicana	repuˈblikad̪ominiˈkana
república dominicana	reˈpublikad̪ominiˈkana
república eslovaca	reˈpublikaesloˈbaka
república federal de alemania	reˈpublika fed̪eˈɾal d̪e aleˈmanja
república federativa de brasil	reˈpublika fed̪eɾaˈt̪iba d̪e bɾaˈsil
república francesa	reˈpublikafɾanˈsesa
república islámica de irán	reˈpublika isˈlamika d̪e iˈɾan
república italiana	reˈpublikait̪aˈljana
república oriental del uruguay	reˈpublika oɾjenˈt̪al d̪el uɾuˈgwaj
república popular china	reˈpublikapopuˈlaɾˈʧina
república socialista de vietnam	reˈpublika sosjaˈlist̪a d̪e bjet̪ˈnam
resona holdings	reˈsonaˈold̪ins
rhode island	ˈrod̪eisˈland̪
río amarillo	ˈrioamaˈɾiʝo
rio branco	rjoˈbɾanko
río bravo	ˈrioˈbɾabo
rio claro	rjoˈklaɾo
río cuarto	ˈrioˈkwaɾt̪o
rio de janeiro	rjod̪exaˈnejɾo
río de la plata	ˈriod̪elaˈplat̪a
río gallegos	ˈriogaˈʝegos
rio grande	rjoˈgɾand̪e
río grande del norte	ˈrioˈgɾand̪ed̪elˈnoɾt̪e
rio negro	rjoˈnegɾo
río negro	ˈrioˈnegɾo
rio tinto	rjoˈt̪int̪o
rio verde	rjoˈbeɾd̪e
river plate	riˈbeɾˈplat̪e
rockwell automation	roˈkwelawt̪oˈmat̪jon
rodríguez ramos	roˈd̪ɾigesˈramos
rolling stones	ˈroʝinesˈt̪ones
rosa emilia	ˈrosaeˈmilja
royal bank of canada	roˈʝalbankafkaˈnad̪a
royal bank of scotland	roˈʝalbankafeskoˈt̪land̪
royal dutch shell	roˈʝald̪uʧʧel
royal kpn	roˈʝalkpn
royal sun alliance	roˈʝalsunaˈʝjanse
saint gallen	sajnt̪ˈgaʝen
saint george	sajnt̪xeˈoɾxe
saint john	sajnt̪ʝon
saint lawrence	sajnt̪lawˈɾense
saint louis	sajnt̪ˈlowis
saint paul	sajnt̪pawl
saint petersburg	sajnt̪pet̪eɾsˈbuɾg
salar de atacama	saˈlaɾd̪eat̪aˈkama
salar de uyuni	saˈlaɾd̪euˈʝuni
salinas pliego	saˈlinasˈpljego
sallent de gállego	saˈʝent̪d̪eˈgaʝego
salt lake city	salt̪ˈlakesit̪ʝ
samoa americana	saˈmoaameɾiˈkana
samoa occidental	saˈmoaoksid̪enˈt̪al
samsung electronics	ˈsamsunelekˈt̪ɾoniks
san agustín	sanagusˈt̪in
san andrés	sananˈd̪ɾes
san antonio	sananˈt̪onjo
san bernardino	sanbeɾnaɾˈd̪ino
san bernardo	sanbeɾˈnaɾd̪o
san borja	sanˈboɾxa
san buenaventura	sanbwenabenˈt̪uɾa
san carlos	sanˈkaɾlos
san carlos de bariloche	sanˈkaɾlosd̪ebaɾiˈloʧe
san clemente	sankleˈment̪e
san cristobal	sankɾist̪oˈbal
san cristóbal	sankɾisˈt̪obal
san cristóbal de las casas	san kɾisˈt̪obal d̪e las ˈkasas
san diego	sanˈd̪jego
san esteban	sanesˈt̪eban
san felipe	sanfeˈlipe
san fernando	sanfeɾˈnand̪o
san francisco	sanfɾanˈsisko
san gil	sanxil
san ignacio	sanigˈnasjo
san isidro	saniˈsid̪ɾo
san jacinto	sanxaˈsint̪o
san javier	sanxaˈbjeɾ
san jose	sanˈxose
san josé	sanxoˈse
san juan	sanxwan
san justo	sanˈxust̪o
san leonardo	sanleoˈnaɾd̪o
san lorenzo	sanloˈɾenso
san lorenzo de almagro	sanloˈɾensod̪ealˈmagɾo
san lucas	sanˈlukas
san luis	sanlwis
san luis obispo	sanlwisoˈbispo
san luis potosí	sanlwispot̪oˈsi
san mamés	sanmaˈmes
san marcos	sanˈmaɾkos
san marino	sanmaˈɾino
san martín	sanmaɾˈt̪in
san mateo	sanmaˈt̪eo
san miguel	sanmiˈgel
san miguel de tucumán	sanmiˈgeld̪et̪ukuˈman
san nicolás	sannikoˈlas
san pablo	sanˈpablo
san pedro	sanˈped̪ɾo
san pedro de alcántara	sanˈped̪ɾod̪ealˈkant̪aɾa
san pedro sula	sanˈped̪ɾoˈsula
san rafael	sanrafaˈel
san román	sanroˈman
san roque	sanˈroke
san salvador	sansalbaˈd̪oɾ
san salvador de jujuy	sansalbaˈd̪oɾd̪exuˈxuj
san sebastián	sansebast̪iˈan
san silvestre	sansilˈbest̪ɾe
san telmo	sanˈt̪elmo
san vicente	sanbiˈsent̪e
san vicente y las granadinas	san biˈsent̪e i las gɾanaˈd̪inas
sanpaolo imi	sanpaˈoloˈimi
sant joan	sant̪ˈxoan
sant josep	sant̪xoˈsep
santa ana	ˈsant̪aˈana
santa catalina	ˈsant̪akat̪aˈlina
santa catarina	ˈsant̪akat̪aˈɾina
santa cecilia	ˈsant̪aseˈsilja
santa clara	ˈsant̪aˈklaɾa
santa cruz	ˈsant̪akɾus
santa cruz de la sierra	ˈsant̪akɾusd̪elaˈsjera
santa cruz de tenerife	ˈsant̪akɾusd̪et̪eneˈɾife
santa elena	ˈsant̪aeˈlena
santa fe	ˈsant̪afe
santa fé	ˈsant̪afe
santa fe de bogotá	ˈsant̪afed̪ebogoˈt̪a
santa helena	ˈsant̪aeˈlena
santa isabel	ˈsant̪aisaˈbel
santa lucía	ˈsant̪aluˈsia
santa maria	ˈsant̪aˈmaɾja
santa marta	ˈsant̪aˈmaɾt̪a
santa monica	ˈsant̪amoˈnika
santa rita	ˈsant̪aˈrit̪a
santa rosa	ˈsant̪aˈrosa
santa sede	ˈsant̪aˈsed̪e
santafé de bogotá	sant̪aˈfed̪ebogoˈt̪a
santander central hispano	sant̪anˈd̪eɾ senˈt̪ɾal isˈpano
santiago de chile	sanˈt̪jagod̪eˈʧile
santiago de compostela	sanˈt̪jagod̪ekomposˈt̪ela
santiago de cuba	sanˈt̪jagod̪eˈkuba
santiago del estero	sanˈt̪jagod̪elesˈt̪eɾo
santo andré	ˈsant̪oanˈd̪ɾe
santo domingo	ˈsant̪od̪oˈmingo
santo domingo de guzmán	ˈsant̪od̪oˈmingod̪egusˈman
santo tomás	ˈsant̪ot̪oˈmas
santo tomé	ˈsant̪ot̪oˈme
santo tomé y príncipe	ˈsant̪ot̪oˈmeiˈpɾinsipe
são paulo	ˈsaoˈpawlo
sara lee	ˈsaɾale
sbc communications	esbkkomuniˈkat̪jons
schneider electric	ʧnejˈd̪eɾelekˈt̪ɾik
seat cordoba	seˈat̪koɾˈd̪oba
seat ibiza	seˈat̪iˈbisa
sello rojo	ˈseʝoˈroxo
selva negra	ˈselbaˈnegɾa
sempra energy	ˈsempɾaeˈneɾgʝ
sendero luminoso	senˈd̪eɾolumiˈnoso
serbia y montenegro	ˈseɾbjaimont̪eˈnegɾo
seven up	sebeˈnap
shah alam	ʧaaˈlam
si acaso	siaˈkaso
siebel systems	sjeˈbeˈlesʝst̪ems
sierra gorda	ˈsjeraˈgoɾd̪a
sierra leona	ˈsjeraleˈona
sierra madre	ˈsjeraˈmad̪ɾe
sine die	ˈsined̪je
singapore airlines	singaˈpoɾeajɾˈlines
sk telecom	eskt̪eleˈkom
skoda fabia	esˈkod̪aˈfabja
skoda octavia	esˈkod̪aokˈt̪abja
societe generale	soˈsjet̪exeneˈɾale
sol de américa	sold̪eaˈmeɾika
south australia	sowt̪awsˈt̪ɾalja
south bend	sowt̪bend̪
south carolina	sowt̪kaɾoˈlina
south dakota	sowt̪d̪aˈkot̪a
south georgia	sowt̪xeˈoɾxja
southern peru copper	ˈsowt̪eɾnˈpeɾukoˈpeɾ
southwest airlines	sowt̪ˈwest̪ajɾˈlines
sport boys	esˈpoɾt̪bojs
sport colombia	esˈpoɾt̪koˈlombja
sporting cristal	esˈpoɾt̪inkɾisˈt̪al
sprint pcs	esˈpɾint̪peˈses
sri lanka	ˈesriˈlanka
ssangyong motor	ˈsangʝonmoˈt̪oɾ
standard chartered	est̪anˈd̪aɾd̪ʧaɾt̪eˈɾed̪
state street	esˈt̪at̪eesˈt̪ɾet̪
subaru forester	suˈbaɾufoɾesˈt̪eɾ
subaru impreza	suˈbaɾuimˈpɾesa
subaru legacy	suˈbaɾuleˈgakʝ
suez lyonnaise	sweslʝonˈnajse
sui generis	sujxeˈneɾis
sumitomo mitsui banking	sumiˈt̪omomit̪ˈsujˈbankin
sun hung kai properties	sununkajpɾoˈpeɾt̪jes
sun microsystems	sunmiˈkɾosʝst̪ems
supermercados unimarc	supeɾmeɾˈkad̪osuniˈmaɾk
suzuki baleno	suˈsukibaˈleno
suzuki samurai	suˈsukisaˈmuɾaj
suzuki sj	suˈsukiesx
suzuki swift	suˈsukiswift̪
suzuki vitara	suˈsukibiˈt̪aɾa
swiss re	swisre
tai po	t̪ajpo
taiwan semiconductor	ˈt̪ajwansemikond̪ukˈt̪oɾ
tal vez	t̪albes
tech data	t̪eʧˈd̪at̪a
teixeira de freitas	t̪ejkˈsejɾad̪eˈfɾejt̪as
terra lycos	ˈt̪eralʝkos
texas instruments	ˈt̪eksasinsˈt̪ɾument̪s
the hague	t̪eˈage
the strongest	t̪eest̪ɾonˈxest̪
thomson multimedia	ˈt̪omsonmult̪iˈmed̪ja
thousand oaks	t̪owˈsanˈd̪oaks
thyssen krupp	t̪ʝsenkɾup
tierra del fuego	ˈt̪jerad̪elˈfwego
timor oriental	t̪iˈmoɾoɾjenˈt̪al
tingo maría	ˈt̪ingomaˈɾia
tokyo electron	ˈt̪okʝoeˈlekt̪ɾon
total fina elf	t̪oˈt̪alˈfinaelf
totalfina elf	t̪ot̪alˈfinaelf
toyota camry	t̪oˈʝot̪akamɾʝ
toyota celica	t̪oˈʝot̪aseˈlika
toyota corolla	t̪oˈʝot̪akoˈɾoʝa
toyota corona	t̪oˈʝot̪akoˈɾona
toyota dyna	t̪oˈʝot̪ad̪ʝna
toyota hiace	t̪oˈʝot̪aˈjase
toyota hilux	t̪oˈʝot̪aˈiluks
toyota motor	t̪oˈʝot̪amoˈt̪oɾ
toyota starlet	t̪oˈʝot̪aest̪aɾˈlet̪
toyota supra	t̪oˈʝot̪aˈsupɾa
toyota tercel	t̪oˈʝot̪at̪eɾˈsel
toyota yaris	t̪oˈʝot̪aˈʝaɾis
tres arroyos	t̪ɾesaˈroʝos
tres coronas	t̪ɾeskoˈɾonas
tres cruces	t̪ɾesˈkɾuses
tres de febrero	t̪ɾesd̪efeˈbɾeɾo
tres esquinas	t̪ɾesesˈkinas
tres picos	t̪ɾesˈpikos
tres puentes	t̪ɾesˈpwent̪es
trinidad y tobago	t̪ɾiniˈd̪ad̪it̪oˈbago
tuxtla gutiérrez	ˈt̪ukst̪laguˈt̪jeres
tv azteca	t̪eˈbeasˈt̪eka
tyco international	t̪ʝkoint̪eɾnat̪joˈnal
ufj holdings	ufˈxold̪ins
unión de centro democrático	uˈnjon d̪e ˈsent̪ɾo d̪emoˈkɾat̪iko
unión española	uˈnjonespaˈɲola
unión huaral	uˈnjonwaˈɾal
unión magdalena	uˈnjonmagd̪aˈlena
unión minas	uˈnjonˈminas
united kingdom	uniˈt̪ed̪kinˈgd̪om
united nations	uniˈt̪ed̪ˈnat̪jons
united parcel service	uniˈt̪ed̪paɾˈselseɾˈbise
united technologies	uniˈt̪ed̪t̪eʧnoˈloxjes
universidad de chile	unibeɾsiˈd̪ad̪d̪eˈʧile
universidad de guadalajara	unibeɾsiˈd̪ad̪ d̪e gwad̪alaˈxaɾa
universidad de méxico	unibeɾsiˈd̪ad̪d̪eˈmeksiko
universidad técnica	unibeɾsiˈd̪ad̪ˈt̪eknika
us airways	uˈsajɾwajs
us postal service	usposˈt̪alseɾˈbise
usa interactive	ˈusaint̪eɾakˈt̪ibe
usa networks	ˈusaˈnet̪woɾks
uttar pradesh	uˈt̪aɾpɾaˈd̪eʧ
vale do rio doce	ˈbaled̪orjoˈd̪ose
valverde del camino	balˈbeɾd̪ed̪elkaˈmino
van dam	band̪am
van damme	banˈd̪ame
van den	band̪en
van der	band̪eɾ
van dijk	band̪ixk
van dyke	band̪ʝke
van horn	banoɾn
vanua levu	ˈbanwaˈlebu
vélez sarsfield	ˈbelessaɾsˈfjeld̪
veritas software	beˈɾit̪asˈsofweɾ
verizon communications	beˈɾisonkomuniˈkat̪jons
vice versa	ˈbiseˈbeɾsa
vicente lópez	biˈsent̪eˈlopes
villa dolores	ˈbiʝad̪oˈloɾes
villa frontera	ˈbiʝafɾonˈt̪eɾa
villa maría	ˈbiʝamaˈɾia
villa nueva	ˈbiʝaˈnweba
villa regina	ˈbiʝareˈxina
viña del mar	ˈbiɲad̪elmaɾ
virginia beach	biɾˈxinjabeˈaʧ
virginia occidental	biɾˈxinjaoksid̪enˈt̪al
vis a vis	bisabis
vivendi universal	biˈbend̪iunibeɾˈsal
volkswagen beetle	bolkˈswaxenˈbet̪le
volkswagen bora	bolkˈswaxenˈboɾa
volkswagen golf	bolkˈswaxengolf
volkswagen jetta	bolkˈswaxenˈxet̪a
volkswagen passat	bolkˈswaxenpaˈsat̪
volkswagen polo	bolkˈswaxenˈpolo
volkswagen santana	bolkˈswaxensanˈt̪ana
volkswagen vento	bolkˈswaxenˈbent̪o
vw golf	bwgolf
vw passat	bwpaˈsat̪
wall street journal	walesˈt̪ɾet̪ˈʝoɾnal
wallis y futuna	ˈwaʝisifuˈt̪una
walt disney	walt̪d̪isˈnej
walt disney company	walt̪d̪isˈnejkomˈpanʝ
washington post	ˈwaʧint̪onpost̪
wells fargo	welsˈfaɾgo
west sussex	west̪ˈsuseks
west virginia	west̪biɾˈxinja
western digital	ˈwest̪eɾnd̪ixiˈt̪al
white horse	ˈwit̪eˈoɾse
world bank	woɾld̪bank
world health organization	woɾld̪ eˈalt ̪oɾganiˈsat̪jon
xl capital	slkapiˈt̪al
zurich financial services	suˈɾiʧ finanˈsjal seɾˈbises
